Type, YearCreated, YearReported,  Market, FromPool, To_Gas/Pool, AmountEmitted, AmountRetained
5, 1, 1, 300, 204, 1002, 1.958890128706912, 0
5, 1, 1, 300, 204, 204, 0, 97.9366253712931
5, 1, 2, 300, 204, 1002, 1.920477488087954, 0
5, 1, 2, 300, 204, 204, 0, 96.01614788320515
5, 1, 3, 300, 204, 1002, 1.8828180959221612, 0
5, 1, 3, 300, 204, 204, 0, 94.13332978728299
5, 1, 4, 300, 204, 1002, 1.8458971814667677, 0
5, 1, 4, 300, 204, 204, 0, 92.28743260581622
5, 1, 5, 300, 204, 1002, 1.8097002636243218, 0
5, 1, 5, 300, 204, 204, 0, 90.4777323421919
5, 1, 6, 300, 204, 1002, 1.77421314526282, 0
5, 1, 6, 300, 204, 204, 0, 88.70351919692908
5, 1, 7, 300, 204, 1002, 1.739421907647369, 0
5, 1, 7, 300, 204, 204, 0, 86.96409728928171
5, 1, 8, 300, 204, 1002, 1.7053129049810138, 0
5, 1, 8, 300, 204, 204, 0, 85.2587843843007
5, 1, 9, 300, 204, 1002, 1.6718727590525049, 0
5, 1, 9, 300, 204, 204, 0, 83.58691162524819
5, 1, 10, 300, 204, 1002, 1.639088353989166, 0
5, 1, 10, 300, 204, 204, 0, 81.94782327125903
5, 1, 11, 300, 204, 1002, 1.606946831112623, 0
5, 1, 11, 300, 204, 204, 0, 80.3408764401464
5, 1, 12, 300, 204, 1002, 1.575435583895299, 0
5, 1, 12, 300, 204, 204, 0, 78.7654408562511
5, 1, 13, 300, 204, 1002, 1.5445422530159192, 0
5, 1, 13, 300, 204, 204, 0, 77.22089860323518
5, 1, 14, 300, 204, 1002, 1.5142547215120459, 0
5, 1, 14, 300, 204, 204, 0, 75.70664388172314
5, 1, 15, 300, 204, 1002, 1.4845611100273715, 0
5, 1, 15, 300, 204, 204, 0, 74.22208277169577
5, 1, 16, 300, 204, 1002, 1.4554497721525905, 0
5, 1, 16, 300, 204, 204, 0, 72.76663299954318
5, 1, 17, 300, 204, 1002, 1.4269092898574058, 0
5, 1, 17, 300, 204, 204, 0, 71.33972370968577
5, 1, 18, 300, 204, 1002, 1.3989284690120058, 0
5, 1, 18, 300, 204, 204, 0, 69.94079524067376
5, 1, 19, 300, 204, 1002, 1.371496334996806, 0
5, 1, 19, 300, 204, 204, 0, 68.56929890567696
5, 1, 1, 300, 209, 1002, 1.155418471235265, 0
5, 1, 1, 300, 209, 209, 0, 41.09787277876474
5, 1, 2, 300, 209, 1002, 1.12382349237852, 0
5, 1, 2, 300, 209, 209, 0, 39.97404928638622
5, 1, 3, 300, 209, 1002, 1.0930924798801271, 0
5, 1, 3, 300, 209, 209, 0, 38.88095680650609
5, 1, 4, 300, 209, 1002, 1.0632018085345578, 0
5, 1, 4, 300, 209, 209, 0, 37.817754997971534
5, 1, 5, 300, 209, 1002, 1.0341284991688369, 0
5, 1, 5, 300, 209, 209, 0, 36.7836264988027
5, 1, 6, 300, 209, 1002, 1.0058502009766102, 0
5, 1, 6, 300, 209, 209, 0, 35.77777629782609
5, 1, 7, 300, 209, 1002, 0.9783451743355371, 0
5, 1, 7, 300, 209, 209, 0, 34.79943112349055
5, 1, 8, 300, 209, 1002, 0.951592274094395, 0
5, 1, 8, 300, 209, 209, 0, 33.847838849396155
5, 1, 9, 300, 209, 1002, 0.9255709333172248, 0
5, 1, 9, 300, 209, 209, 0, 32.92226791607893
5, 1, 10, 300, 209, 1002, 0.9002611474720084, 0
5, 1, 10, 300, 209, 209, 0, 32.02200676860692
5, 1, 11, 300, 209, 1002, 0.8756434590517017, 0
5, 1, 11, 300, 209, 209, 0, 31.14636330955522
5, 1, 12, 300, 209, 1002, 0.851698942615851, 0
5, 1, 12, 300, 209, 209, 0, 30.29466436693937
5, 1, 13, 300, 209, 1002, 0.8284091902411141, 0
5, 1, 13, 300, 209, 209, 0, 29.466255176698255
5, 1, 14, 300, 209, 1002, 0.8057562973698289, 0
5, 1, 14, 300, 209, 209, 0, 28.660498879328426
5, 1, 15, 300, 209, 1002, 0.7837228490453683, 0
5, 1, 15, 300, 209, 209, 0, 27.876776030283057
5, 1, 16, 300, 209, 1002, 0.7622919065240268, 0
5, 1, 16, 300, 209, 209, 0, 27.11448412375903
5, 1, 17, 300, 209, 1002, 0.7414469942529394, 0
5, 1, 17, 300, 209, 209, 0, 26.37303712950609
5, 1, 18, 300, 209, 1002, 0.7211720872040885, 0
5, 1, 18, 300, 209, 209, 0, 25.651865042302003
5, 1, 19, 300, 209, 1002, 0.7014515985547085, 0
5, 1, 19, 300, 209, 209, 0, 24.950413443747294
5, 1, 1, 300, 200, 1002, 42.56694254620223, 0
5, 1, 1, 300, 200, 200, 0, 102.76569000379777
5, 1, 2, 300, 200, 1002, 30.099373728797772, 0
5, 1, 2, 300, 200, 200, 0, 72.666316275
5, 1, 3, 300, 200, 1002, 21.283471273101114, 0
5, 1, 3, 300, 200, 200, 0, 51.382845001898886
5, 1, 4, 300, 200, 1002, 15.049686864398886, 0
5, 1, 4, 300, 200, 200, 0, 36.3331581375
5, 1, 5, 300, 200, 1002, 10.641735636550557, 0
5, 1, 5, 300, 200, 200, 0, 25.691422500949443
5, 1, 6, 300, 200, 1002, 7.524843432199443, 0
5, 1, 6, 300, 200, 200, 0, 18.16657906875
5, 1, 7, 300, 200, 1002, 5.320867818275278, 0
5, 1, 7, 300, 200, 200, 0, 12.845711250474722
5, 1, 8, 300, 200, 1002, 3.7624217160997215, 0
5, 1, 8, 300, 200, 200, 0, 9.083289534375
5, 1, 9, 300, 200, 1002, 2.660433909137639, 0
5, 1, 9, 300, 200, 200, 0, 6.422855625237361
5, 1, 10, 300, 200, 1002, 1.8812108580498608, 0
5, 1, 10, 300, 200, 200, 0, 4.5416447671875
5, 1, 11, 300, 200, 1002, 1.3302169545688196, 0
5, 1, 11, 300, 200, 200, 0, 3.2114278126186804
5, 1, 12, 300, 200, 1002, 0.9406054290249304, 0
5, 1, 12, 300, 200, 200, 0, 2.27082238359375
5, 1, 13, 300, 200, 1002, 0.6651084772844098, 0
5, 1, 13, 300, 200, 200, 0, 1.6057139063093402
5, 1, 14, 300, 200, 1002, 0.4703027145124652, 0
5, 1, 14, 300, 200, 200, 0, 1.135411191796875
5, 1, 15, 300, 200, 1002, 0.3325542386422049, 0
5, 1, 15, 300, 200, 200, 0, 0.8028569531546701
5, 1, 16, 300, 200, 1002, 0.2351513572562326, 0
5, 1, 16, 300, 200, 200, 0, 0.5677055958984375
5, 1, 17, 300, 200, 1002, 0.16627711932110245, 0
5, 1, 17, 300, 200, 200, 0, 0.40142847657733505
5, 1, 18, 300, 200, 1002, 0.1175756786281163, 0
5, 1, 18, 300, 200, 200, 0, 0.28385279794921875
5, 1, 19, 300, 200, 1002, 0.08313855966055123, 0
5, 1, 19, 300, 200, 200, 0, 0.20071423828866752
5, 2, 2, 300, 204, 1002, 0.3483776392765954, 0
5, 2, 2, 300, 204, 204, 0, 17.417480360723403
5, 2, 3, 300, 204, 1002, 0.34154616625976075, 0
5, 2, 3, 300, 204, 204, 0, 17.075934194463642
5, 2, 4, 300, 204, 1002, 0.3348486542619966, 0
5, 2, 4, 300, 204, 204, 0, 16.741085540201645
5, 2, 5, 300, 204, 1002, 0.32828247638943253, 0
5, 2, 5, 300, 204, 204, 0, 16.412803063812213
5, 2, 6, 300, 204, 1002, 0.32184505725997425, 0
5, 2, 6, 300, 204, 204, 0, 16.09095800655224
5, 2, 7, 300, 204, 1002, 0.3155338719932086, 0
5, 2, 7, 300, 204, 204, 0, 15.77542413455903
5, 2, 8, 300, 204, 1002, 0.30934644522007915, 0
5, 2, 8, 300, 204, 204, 0, 15.46607768933895
5, 2, 9, 300, 204, 1002, 0.30328035011201315, 0
5, 2, 9, 300, 204, 204, 0, 15.162797339226938
5, 2, 10, 300, 204, 1002, 0.297333207429066, 0
5, 2, 10, 300, 204, 204, 0, 14.865464131797872
5, 2, 11, 300, 204, 1002, 0.2915026845867299, 0
5, 2, 11, 300, 204, 204, 0, 14.573961447211142
5, 2, 12, 300, 204, 1002, 0.28578649474106577, 0
5, 2, 12, 300, 204, 204, 0, 14.288174952470076
5, 2, 13, 300, 204, 1002, 0.280182395891746, 0
5, 2, 13, 300, 204, 204, 0, 14.00799255657833
5, 2, 14, 300, 204, 1002, 0.27468819000269384, 0
5, 2, 14, 300, 204, 204, 0, 13.733304366575636
5, 2, 15, 300, 204, 1002, 0.2693017221399945, 0
5, 2, 15, 300, 204, 204, 0, 13.464002644435642
5, 2, 16, 300, 204, 1002, 0.2640208796266581, 0
5, 2, 16, 300, 204, 204, 0, 13.199981764808983
5, 2, 17, 300, 204, 1002, 0.258843591214017, 0
5, 2, 17, 300, 204, 204, 0, 12.941138173594966
5, 2, 18, 300, 204, 1002, 0.2537678262693124, 0
5, 2, 18, 300, 204, 204, 0, 12.687370347325654
5, 2, 19, 300, 204, 1002, 0.24879159397925932, 0
5, 2, 19, 300, 204, 204, 0, 12.438578753346395
5, 2, 2, 300, 209, 1002, 0.19724574350149116, 0
5, 2, 2, 300, 209, 209, 0, 7.015969256498509
5, 2, 3, 300, 209, 1002, 0.1918520482727395, 0
5, 2, 3, 300, 209, 209, 0, 6.824117208225769
5, 2, 4, 300, 209, 1002, 0.18660584392366086, 0
5, 2, 4, 300, 209, 209, 0, 6.637511364302108
5, 2, 5, 300, 209, 1002, 0.18150309730839354, 0
5, 2, 5, 300, 209, 209, 0, 6.456008266993715
5, 2, 6, 300, 209, 1002, 0.17653988556766276, 0
5, 2, 6, 300, 209, 209, 0, 6.279468381426052
5, 2, 7, 300, 209, 1002, 0.17171239311298603, 0
5, 2, 7, 300, 209, 209, 0, 6.107755988313066
5, 2, 8, 300, 209, 1002, 0.1670169086933484, 0
5, 2, 8, 300, 209, 209, 0, 5.940739079619718
5, 2, 9, 300, 209, 1002, 0.16244982254209184, 0
5, 2, 9, 300, 209, 209, 0, 5.778289257077626
5, 2, 10, 300, 209, 1002, 0.1580076236018133, 0
5, 2, 10, 300, 209, 209, 0, 5.6202816334758126
5, 2, 11, 300, 209, 1002, 0.15368689682516212, 0
5, 2, 11, 300, 209, 209, 0, 5.46659473665065
5, 2, 12, 300, 209, 1002, 0.14948432054943517, 0
5, 2, 12, 300, 209, 209, 0, 5.317110416101215
5, 2, 13, 300, 209, 1002, 0.14539666394297246, 0
5, 2, 13, 300, 209, 209, 0, 5.171713752158243
5, 2, 14, 300, 209, 1002, 0.1414207845213733, 0
5, 2, 14, 300, 209, 209, 0, 5.0302929676368695
5, 2, 15, 300, 209, 1002, 0.13755362573164032, 0
5, 2, 15, 300, 209, 209, 0, 4.892739341905229
5, 2, 16, 300, 209, 1002, 0.13379221460237822, 0
5, 2, 16, 300, 209, 209, 0, 4.758947127302851
5, 2, 17, 300, 209, 1002, 0.13013365945824873, 0
5, 2, 17, 300, 209, 209, 0, 4.628813467844602
5, 2, 18, 300, 209, 1002, 0.1265751476969319, 0
5, 2, 18, 300, 209, 209, 0, 4.50223832014767
5, 2, 19, 300, 209, 1002, 0.12311394362686112, 0
5, 2, 19, 300, 209, 209, 0, 4.379124376520809
5, 2, 2, 300, 200, 1002, 8.43511903220918, 0
5, 2, 2, 300, 200, 200, 0, 20.364178767790825
5, 2, 3, 300, 200, 1002, 5.964529867790823, 0
5, 2, 3, 300, 200, 200, 0, 14.399648900000003
5, 2, 4, 300, 200, 1002, 4.21755951610459, 0
5, 2, 4, 300, 200, 200, 0, 10.182089383895413
5, 2, 5, 300, 200, 1002, 2.9822649338954115, 0
5, 2, 5, 300, 200, 200, 0, 7.199824450000001
5, 2, 6, 300, 200, 1002, 2.108779758052295, 0
5, 2, 6, 300, 200, 200, 0, 5.091044691947706
5, 2, 7, 300, 200, 1002, 1.4911324669477057, 0
5, 2, 7, 300, 200, 200, 0, 3.5999122250000006
5, 2, 8, 300, 200, 1002, 1.0543898790261474, 0
5, 2, 8, 300, 200, 200, 0, 2.545522345973853
5, 2, 9, 300, 200, 1002, 0.7455662334738529, 0
5, 2, 9, 300, 200, 200, 0, 1.7999561125000003
5, 2, 10, 300, 200, 1002, 0.5271949395130737, 0
5, 2, 10, 300, 200, 200, 0, 1.2727611729869266
5, 2, 11, 300, 200, 1002, 0.37278311673692643, 0
5, 2, 11, 300, 200, 200, 0, 0.8999780562500002
5, 2, 12, 300, 200, 1002, 0.26359746975653686, 0
5, 2, 12, 300, 200, 200, 0, 0.6363805864934633
5, 2, 13, 300, 200, 1002, 0.18639155836846322, 0
5, 2, 13, 300, 200, 200, 0, 0.4499890281250001
5, 2, 14, 300, 200, 1002, 0.13179873487826843, 0
5, 2, 14, 300, 200, 200, 0, 0.31819029324673165
5, 2, 15, 300, 200, 1002, 0.09319577918423161, 0
5, 2, 15, 300, 200, 200, 0, 0.22499451406250004
5, 2, 16, 300, 200, 1002, 0.06589936743913422, 0
5, 2, 16, 300, 200, 200, 0, 0.15909514662336582
5, 2, 17, 300, 200, 1002, 0.046597889592115804, 0
5, 2, 17, 300, 200, 200, 0, 0.11249725703125002
5, 2, 18, 300, 200, 1002, 0.03294968371956711, 0
5, 2, 18, 300, 200, 200, 0, 0.07954757331168291
5, 2, 19, 300, 200, 1002, 0.023298944796057902, 0
5, 2, 19, 300, 200, 200, 0, 0.05624862851562501
5, 3, 3, 300, 204, 1002, 0.5485860703435534, 0
5, 3, 3, 300, 204, 204, 0, 27.427096429656448
5, 3, 4, 300, 204, 1002, 0.5378286321085781, 0
5, 3, 4, 300, 204, 204, 0, 26.88926779754787
5, 3, 5, 300, 204, 1002, 0.5272821406760073, 0
5, 3, 5, 300, 204, 204, 0, 26.361985656871862
5, 3, 6, 300, 204, 1002, 0.5169424595076926, 0
5, 3, 6, 300, 204, 204, 0, 25.84504319736417
5, 3, 7, 300, 204, 1002, 0.5068055331805184, 0
5, 3, 7, 300, 204, 204, 0, 25.33823766418365
5, 3, 8, 300, 204, 1002, 0.4968673857957029, 0
5, 3, 8, 300, 204, 204, 0, 24.84137027838795
5, 3, 9, 300, 204, 1002, 0.4871241194194269, 0
5, 3, 9, 300, 204, 204, 0, 24.35424615896852
5, 3, 10, 300, 204, 1002, 0.47757191255398723, 0
5, 3, 10, 300, 204, 204, 0, 23.876674246414535
5, 3, 11, 300, 204, 1002, 0.4682070186389069, 0
5, 3, 11, 300, 204, 204, 0, 23.408467227775628
5, 3, 12, 300, 204, 1002, 0.4590257645814795, 0
5, 3, 12, 300, 204, 204, 0, 22.949441463194148
5, 3, 13, 300, 204, 1002, 0.45002454931610814, 0
5, 3, 13, 300, 204, 204, 0, 22.49941691387804
5, 3, 14, 300, 204, 1002, 0.44119984239189236, 0
5, 3, 14, 300, 204, 204, 0, 22.058217071486148
5, 3, 15, 300, 204, 1002, 0.4325481825879187, 0
5, 3, 15, 300, 204, 204, 0, 21.62566888889823
5, 3, 16, 300, 204, 1002, 0.42406617655571566, 0
5, 3, 16, 300, 204, 204, 0, 21.201602712342513
5, 3, 17, 300, 204, 1002, 0.4157504974882791, 0
5, 3, 17, 300, 204, 204, 0, 20.785852214854234
5, 3, 18, 300, 204, 1002, 0.40759788381529916, 0
5, 3, 18, 300, 204, 204, 0, 20.378254331038935
5, 3, 19, 300, 204, 1002, 0.39960513792384234, 0
5, 3, 19, 300, 204, 204, 0, 19.978649193115093
5, 3, 3, 300, 209, 1002, 0.284476495437616, 0
5, 3, 3, 300, 209, 209, 0, 10.118739754562384
5, 3, 4, 300, 209, 1002, 0.27669747070990525, 0
5, 3, 4, 300, 209, 209, 0, 9.842042283852479
5, 3, 5, 300, 209, 1002, 0.26913116382245583, 0
5, 3, 5, 300, 209, 209, 0, 9.572911120030023
5, 3, 6, 300, 209, 1002, 0.26177175799473673, 0
5, 3, 6, 300, 209, 209, 0, 9.311139362035286
5, 3, 7, 300, 209, 1002, 0.2546135955063935, 0
5, 3, 7, 300, 209, 209, 0, 9.056525766528893
5, 3, 8, 300, 209, 1002, 0.2476511733477249, 0
5, 3, 8, 300, 209, 209, 0, 8.808874593181168
5, 3, 9, 300, 209, 1002, 0.24087913898912028, 0
5, 3, 9, 300, 209, 209, 0, 8.567995454192047
5, 3, 10, 300, 209, 1002, 0.23429228626618048, 0
5, 3, 10, 300, 209, 209, 0, 8.333703167925867
5, 3, 11, 300, 209, 1002, 0.22788555137733546, 0
5, 3, 11, 300, 209, 209, 0, 8.105817616548531
5, 3, 12, 300, 209, 1002, 0.22165400899094223, 0
5, 3, 12, 300, 209, 209, 0, 7.884163607557589
5, 3, 13, 300, 209, 1002, 0.2155928684588071, 0
5, 3, 13, 300, 209, 209, 0, 7.668570739098782
5, 3, 14, 300, 209, 1002, 0.209697470133265, 0
5, 3, 14, 300, 209, 209, 0, 7.458873268965517
5, 3, 15, 300, 209, 1002, 0.2039632817849597, 0
5, 3, 15, 300, 209, 209, 0, 7.254909987180557
5, 3, 16, 300, 209, 1002, 0.19838589511858729, 0
5, 3, 16, 300, 209, 209, 0, 7.05652409206197
5, 3, 17, 300, 209, 1002, 0.19296102238390844, 0
5, 3, 17, 300, 209, 209, 0, 6.863563069678062
5, 3, 18, 300, 209, 1002, 0.18768449307944124, 0
5, 3, 18, 300, 209, 209, 0, 6.67587857659862
5, 3, 19, 300, 209, 1002, 0.18255225074628623, 0
5, 3, 19, 300, 209, 209, 0, 6.493326325852334
5, 3, 3, 300, 200, 1002, 16.024862461143606, 0
5, 3, 3, 300, 200, 200, 0, 38.6874402888564
5, 3, 4, 300, 200, 1002, 11.331288913856397, 0
5, 3, 4, 300, 200, 200, 0, 27.356151375000003
5, 3, 5, 300, 200, 1002, 8.012431230571803, 0
5, 3, 5, 300, 200, 200, 0, 19.3437201444282
5, 3, 6, 300, 200, 1002, 5.665644456928199, 0
5, 3, 6, 300, 200, 200, 0, 13.678075687500002
5, 3, 7, 300, 200, 1002, 4.006215615285901, 0
5, 3, 7, 300, 200, 200, 0, 9.6718600722141
5, 3, 8, 300, 200, 1002, 2.8328222284640994, 0
5, 3, 8, 300, 200, 200, 0, 6.839037843750001
5, 3, 9, 300, 200, 1002, 2.0031078076429507, 0
5, 3, 9, 300, 200, 200, 0, 4.83593003610705
5, 3, 10, 300, 200, 1002, 1.4164111142320497, 0
5, 3, 10, 300, 200, 200, 0, 3.4195189218750004
5, 3, 11, 300, 200, 1002, 1.0015539038214754, 0
5, 3, 11, 300, 200, 200, 0, 2.417965018053525
5, 3, 12, 300, 200, 1002, 0.7082055571160248, 0
5, 3, 12, 300, 200, 200, 0, 1.7097594609375002
5, 3, 13, 300, 200, 1002, 0.5007769519107377, 0
5, 3, 13, 300, 200, 200, 0, 1.2089825090267625
5, 3, 14, 300, 200, 1002, 0.3541027785580124, 0
5, 3, 14, 300, 200, 200, 0, 0.8548797304687501
5, 3, 15, 300, 200, 1002, 0.25038847595536884, 0
5, 3, 15, 300, 200, 200, 0, 0.6044912545133813
5, 3, 16, 300, 200, 1002, 0.1770513892790062, 0
5, 3, 16, 300, 200, 200, 0, 0.42743986523437505
5, 3, 17, 300, 200, 1002, 0.12519423797768442, 0
5, 3, 17, 300, 200, 200, 0, 0.30224562725669063
5, 3, 18, 300, 200, 1002, 0.0885256946395031, 0
5, 3, 18, 300, 200, 200, 0, 0.21371993261718752
5, 3, 19, 300, 200, 1002, 0.06259711898884221, 0
5, 3, 19, 300, 200, 200, 0, 0.15112281362834531
5, 4, 4, 300, 204, 1002, 0.012155351054192853, 0
5, 4, 4, 300, 204, 204, 0, 0.6077186489458073
5, 4, 5, 300, 204, 1002, 0.011916992034052165, 0
5, 4, 5, 300, 204, 204, 0, 0.5958016569117551
5, 4, 6, 300, 204, 1002, 0.011683307088911965, 0
5, 4, 6, 300, 204, 204, 0, 0.5841183498228432
5, 4, 7, 300, 204, 1002, 0.011454204563011827, 0
5, 4, 7, 300, 204, 204, 0, 0.5726641452598313
5, 4, 8, 300, 204, 1002, 0.01122959459790629, 0
5, 4, 8, 300, 204, 204, 0, 0.561434550661925
5, 4, 9, 300, 204, 1002, 0.011009389097217714, 0
5, 4, 9, 300, 204, 204, 0, 0.5504251615647073
5, 4, 10, 300, 204, 1002, 0.010793501692085594, 0
5, 4, 10, 300, 204, 204, 0, 0.5396316598726217
5, 4, 11, 300, 204, 1002, 0.010581847707289649, 0
5, 4, 11, 300, 204, 204, 0, 0.5290498121653321
5, 4, 12, 300, 204, 1002, 0.010374344128039614, 0
5, 4, 12, 300, 204, 204, 0, 0.5186754680372925
5, 4, 13, 300, 204, 1002, 0.010170909567413733, 0
5, 4, 13, 300, 204, 204, 0, 0.5085045584698787
5, 4, 14, 300, 204, 1002, 0.00997146423443912, 0
5, 4, 14, 300, 204, 204, 0, 0.4985330942354396
5, 4, 15, 300, 204, 1002, 0.009775929902794411, 0
5, 4, 15, 300, 204, 204, 0, 0.4887571643326452
5, 4, 16, 300, 204, 1002, 0.00958422988012908, 0
5, 4, 16, 300, 204, 204, 0, 0.47917293445251613
5, 4, 17, 300, 204, 1002, 0.00939628897798278, 0
5, 4, 17, 300, 204, 204, 0, 0.46977664547453335
5, 4, 18, 300, 204, 1002, 0.009212033482294879, 0
5, 4, 18, 300, 204, 204, 0, 0.46056461199223847
5, 4, 19, 300, 204, 1002, 0.009031391124492638, 0
5, 4, 19, 300, 204, 204, 0, 0.45153322086774583
5, 4, 4, 300, 200, 1002, 1.0167185902651124, 0
5, 4, 4, 300, 200, 200, 0, 2.454575809734888
5, 4, 5, 300, 200, 1002, 0.7189286097348879, 0
5, 4, 5, 300, 200, 200, 0, 1.7356472000000003
5, 4, 6, 300, 200, 1002, 0.5083592951325562, 0
5, 4, 6, 300, 200, 200, 0, 1.227287904867444
5, 4, 7, 300, 200, 1002, 0.35946430486744396, 0
5, 4, 7, 300, 200, 200, 0, 0.8678236000000001
5, 4, 8, 300, 200, 1002, 0.2541796475662781, 0
5, 4, 8, 300, 200, 200, 0, 0.613643952433722
5, 4, 9, 300, 200, 1002, 0.17973215243372198, 0
5, 4, 9, 300, 200, 200, 0, 0.43391180000000007
5, 4, 10, 300, 200, 1002, 0.12708982378313904, 0
5, 4, 10, 300, 200, 200, 0, 0.306821976216861
5, 4, 11, 300, 200, 1002, 0.08986607621686099, 0
5, 4, 11, 300, 200, 200, 0, 0.21695590000000003
5, 4, 12, 300, 200, 1002, 0.06354491189156952, 0
5, 4, 12, 300, 200, 200, 0, 0.1534109881084305
5, 4, 13, 300, 200, 1002, 0.044933038108430495, 0
5, 4, 13, 300, 200, 200, 0, 0.10847795000000002
5, 4, 14, 300, 200, 1002, 0.03177245594578476, 0
5, 4, 14, 300, 200, 200, 0, 0.07670549405421526
5, 4, 15, 300, 200, 1002, 0.022466519054215248, 0
5, 4, 15, 300, 200, 200, 0, 0.05423897500000001
5, 4, 16, 300, 200, 1002, 0.01588622797289238, 0
5, 4, 16, 300, 200, 200, 0, 0.03835274702710763
5, 4, 17, 300, 200, 1002, 0.011233259527107624, 0
5, 4, 17, 300, 200, 200, 0, 0.027119487500000004
5, 4, 18, 300, 200, 1002, 0.00794311398644619, 0
5, 4, 18, 300, 200, 200, 0, 0.019176373513553814
5, 4, 19, 300, 200, 1002, 0.005616629763553812, 0
5, 4, 19, 300, 200, 200, 0, 0.013559743750000002
5, 5, 5, 300, 204, 1002, 0.680338963914032, 0
5, 5, 5, 300, 204, 204, 0, 34.014211036085975
5, 5, 6, 300, 204, 1002, 0.6669979317974679, 0
5, 5, 6, 300, 204, 204, 0, 33.34721310428851
5, 5, 7, 300, 204, 1002, 0.653918509183498, 0
5, 5, 7, 300, 204, 204, 0, 32.69329459510501
5, 5, 8, 300, 204, 1002, 0.6410955660693034, 0
5, 5, 8, 300, 204, 204, 0, 32.052199029035705
5, 5, 9, 300, 204, 1002, 0.628524073048375, 0
5, 5, 9, 300, 204, 204, 0, 31.42367495598733
5, 5, 10, 300, 204, 1002, 0.6161990993377309, 0
5, 5, 10, 300, 204, 204, 0, 30.8074758566496
5, 5, 11, 300, 204, 1002, 0.6041158108440499, 0
5, 5, 11, 300, 204, 204, 0, 30.20336004580555
5, 5, 12, 300, 204, 1002, 0.5922694682676628, 0
5, 5, 12, 300, 204, 204, 0, 29.611090577537887
5, 5, 13, 300, 204, 1002, 0.5806554252436378, 0
5, 5, 13, 300, 204, 204, 0, 29.03043515229425
5, 5, 14, 300, 204, 1002, 0.5692691265194476, 0
5, 5, 14, 300, 204, 204, 0, 28.4611660257748
5, 5, 15, 300, 204, 1002, 0.5581061061682853, 0
5, 5, 15, 300, 204, 204, 0, 27.903059919606516
5, 5, 16, 300, 204, 1002, 0.5471619858374375, 0
5, 5, 16, 300, 204, 204, 0, 27.35589793376908
5, 5, 17, 300, 204, 1002, 0.5364324730310202, 0
5, 5, 17, 300, 204, 204, 0, 26.81946546073806
5, 5, 18, 300, 204, 1002, 0.5259133594263901, 0
5, 5, 18, 300, 204, 204, 0, 26.29355210131167
5, 5, 19, 300, 204, 1002, 0.5156005192235078, 0
5, 5, 19, 300, 204, 204, 0, 25.77795158208816
5, 5, 5, 300, 209, 1002, 0.3579312884184702, 0
5, 5, 5, 300, 209, 209, 0, 12.731503711581531
5, 5, 6, 300, 209, 1002, 0.3481436385138803, 0
5, 5, 6, 300, 209, 209, 0, 12.383360073067651
5, 5, 7, 300, 209, 1002, 0.33862363241063775, 0
5, 5, 7, 300, 209, 209, 0, 12.044736440657013
5, 5, 8, 300, 209, 1002, 0.32936395137492624, 0
5, 5, 8, 300, 209, 209, 0, 11.715372489282087
5, 5, 9, 300, 209, 1002, 0.3203574768040838, 0
5, 5, 9, 300, 209, 209, 0, 11.395015012478003
5, 5, 10, 300, 209, 1002, 0.31159728475400605, 0
5, 5, 10, 300, 209, 209, 0, 11.083417727723997
5, 5, 11, 300, 209, 1002, 0.3030766406162204, 0
5, 5, 11, 300, 209, 209, 0, 10.780341087107777
5, 5, 12, 300, 209, 1002, 0.2947889939404611, 0
5, 5, 12, 300, 209, 209, 0, 10.485552093167316
5, 5, 13, 300, 209, 1002, 0.2867279733988788, 0
5, 5, 13, 300, 209, 209, 0, 10.198824119768437
5, 5, 14, 300, 209, 1002, 0.2788873818879196, 0
5, 5, 14, 300, 209, 209, 0, 9.919936737880517
5, 5, 15, 300, 209, 1002, 0.2712611917641432, 0
5, 5, 15, 300, 209, 209, 0, 9.648675546116374
5, 5, 16, 300, 209, 1002, 0.26384354021034717, 0
5, 5, 16, 300, 209, 209, 0, 9.384832005906027
5, 5, 17, 300, 209, 1002, 0.2566287247283672, 0
5, 5, 17, 300, 209, 209, 0, 9.12820328117766
5, 5, 18, 300, 209, 1002, 0.2496111987551508, 0
5, 5, 18, 300, 209, 209, 0, 8.878592082422509
5, 5, 19, 300, 209, 1002, 0.24278556739870893, 0
5, 5, 19, 300, 209, 209, 0, 8.6358065150238
5, 5, 5, 300, 200, 1002, 19.334765032717158, 0
5, 5, 5, 300, 200, 200, 0, 46.67825196728286
5, 5, 6, 300, 200, 1002, 13.671743467282852, 0
5, 5, 6, 300, 200, 200, 0, 33.00650850000001
5, 5, 7, 300, 200, 1002, 9.667382516358579, 0
5, 5, 7, 300, 200, 200, 0, 23.33912598364143
5, 5, 8, 300, 200, 1002, 6.835871733641426, 0
5, 5, 8, 300, 200, 200, 0, 16.503254250000005
5, 5, 9, 300, 200, 1002, 4.8336912581792895, 0
5, 5, 9, 300, 200, 200, 0, 11.669562991820715
5, 5, 10, 300, 200, 1002, 3.417935866820713, 0
5, 5, 10, 300, 200, 200, 0, 8.251627125000002
5, 5, 11, 300, 200, 1002, 2.4168456290896447, 0
5, 5, 11, 300, 200, 200, 0, 5.834781495910358
5, 5, 12, 300, 200, 1002, 1.7089679334103565, 0
5, 5, 12, 300, 200, 200, 0, 4.125813562500001
5, 5, 13, 300, 200, 1002, 1.2084228145448224, 0
5, 5, 13, 300, 200, 200, 0, 2.917390747955179
5, 5, 14, 300, 200, 1002, 0.8544839667051782, 0
5, 5, 14, 300, 200, 200, 0, 2.0629067812500006
5, 5, 15, 300, 200, 1002, 0.6042114072724112, 0
5, 5, 15, 300, 200, 200, 0, 1.4586953739775894
5, 5, 16, 300, 200, 1002, 0.4272419833525891, 0
5, 5, 16, 300, 200, 200, 0, 1.0314533906250003
5, 5, 17, 300, 200, 1002, 0.3021057036362056, 0
5, 5, 17, 300, 200, 200, 0, 0.7293476869887947
5, 5, 18, 300, 200, 1002, 0.21362099167629456, 0
5, 5, 18, 300, 200, 200, 0, 0.5157266953125001
5, 5, 19, 300, 200, 1002, 0.1510528518181028, 0
5, 5, 19, 300, 200, 200, 0, 0.36467384349439735
5, 6, 6, 300, 204, 1002, 0.014445884688347843, 0
5, 6, 6, 300, 204, 204, 0, 0.7222361153116522
5, 6, 7, 300, 204, 1002, 0.014162609700728912, 0
5, 6, 7, 300, 204, 204, 0, 0.7080735056109233
5, 6, 8, 300, 204, 1002, 0.013884889562836622, 0
5, 6, 8, 300, 204, 204, 0, 0.6941886160480867
5, 6, 9, 300, 204, 1002, 0.013612615347455614, 0
5, 6, 9, 300, 204, 204, 0, 0.6805760007006311
5, 6, 10, 300, 204, 1002, 0.013345680263367687, 0
5, 6, 10, 300, 204, 204, 0, 0.6672303204372634
5, 6, 11, 300, 204, 1002, 0.013083979613464303, 0
5, 6, 11, 300, 204, 204, 0, 0.6541463408237991
5, 6, 12, 300, 204, 1002, 0.012827410753683766, 0
5, 6, 12, 300, 204, 204, 0, 0.6413189300701153
5, 6, 13, 300, 204, 1002, 0.012575873052751985, 0
5, 6, 13, 300, 204, 204, 0, 0.6287430570173633
5, 6, 14, 300, 204, 1002, 0.01232926785271271, 0
5, 6, 14, 300, 204, 204, 0, 0.6164137891646506
5, 6, 15, 300, 204, 1002, 0.012087498430231824, 0
5, 6, 15, 300, 204, 204, 0, 0.6043262907344188
5, 6, 16, 300, 204, 1002, 0.011850469958661014, 0
5, 6, 16, 300, 204, 204, 0, 0.5924758207757578
5, 6, 17, 300, 204, 1002, 0.01161808947084475, 0
5, 6, 17, 300, 204, 204, 0, 0.580857731304913
5, 6, 18, 300, 204, 1002, 0.011390265822656231, 0
5, 6, 18, 300, 204, 204, 0, 0.5694674654822568
5, 6, 19, 300, 204, 1002, 0.011166909657250201, 0
5, 6, 19, 300, 204, 204, 0, 0.5583005558250066
5, 6, 6, 300, 209, 1002, 0.00011607974823484805, 0
5, 6, 6, 300, 209, 209, 0, 0.004128920251765152
5, 6, 7, 300, 209, 1002, 0.00011290554141499699, 0
5, 6, 7, 300, 209, 209, 0, 0.004016014710350155
5, 6, 8, 300, 209, 1002, 0.0001098181334475601, 0
5, 6, 8, 300, 209, 209, 0, 0.0039061965769025945
5, 6, 9, 300, 209, 1002, 0.00010681515081335195, 0
5, 6, 9, 300, 209, 209, 0, 0.0037993814260892426
5, 6, 10, 300, 209, 1002, 0.00010389428489719589, 0
5, 6, 10, 300, 209, 209, 0, 0.0036954871411920467
5, 6, 11, 300, 209, 1002, 0.00010105329021311941, 0
5, 6, 11, 300, 209, 209, 0, 0.0035944338509789273
5, 6, 12, 300, 209, 1002, 9.828998267807964E-05, 0
5, 6, 12, 300, 209, 209, 0, 0.0034961438683008476
5, 6, 13, 300, 209, 1002, 9.560223793290187E-05, 0
5, 6, 13, 300, 209, 209, 0, 0.0034005416303679458
5, 6, 14, 300, 209, 1002, 9.298798970912379E-05, 0
5, 6, 14, 300, 209, 209, 0, 0.003307553640658822
5, 6, 15, 300, 209, 1002, 9.044522824050265E-05, 0
5, 6, 15, 300, 209, 209, 0, 0.0032171084124183193
5, 6, 16, 300, 209, 1002, 8.797199871795735E-05, 0
5, 6, 16, 300, 209, 209, 0, 0.003129136413700362
5, 6, 17, 300, 209, 1002, 8.556639978676882E-05, 0
5, 6, 17, 300, 209, 209, 0, 0.003043570013913593
5, 6, 18, 300, 209, 1002, 8.322658208485822E-05, 0
5, 6, 18, 300, 209, 209, 0, 0.002960343431828735
5, 6, 19, 300, 209, 1002, 8.095074682105182E-05, 0
5, 6, 19, 300, 209, 209, 0, 0.002879392685007683
5, 6, 6, 300, 200, 1002, 1.1961226576469595, 0
5, 6, 6, 300, 200, 200, 0, 2.887695542353041
5, 6, 7, 300, 200, 1002, 0.8457864423530408, 0
5, 6, 7, 300, 200, 200, 0, 2.0419091000000003
5, 6, 8, 300, 200, 1002, 0.5980613288234797, 0
5, 6, 8, 300, 200, 200, 0, 1.4438477711765205
5, 6, 9, 300, 200, 1002, 0.4228932211765204, 0
5, 6, 9, 300, 200, 200, 0, 1.0209545500000001
5, 6, 10, 300, 200, 1002, 0.29903066441173987, 0
5, 6, 10, 300, 200, 200, 0, 0.7219238855882603
5, 6, 11, 300, 200, 1002, 0.2114466105882602, 0
5, 6, 11, 300, 200, 200, 0, 0.5104772750000001
5, 6, 12, 300, 200, 1002, 0.14951533220586993, 0
5, 6, 12, 300, 200, 200, 0, 0.36096194279413013
5, 6, 13, 300, 200, 1002, 0.1057233052941301, 0
5, 6, 13, 300, 200, 200, 0, 0.25523863750000003
5, 6, 14, 300, 200, 1002, 0.07475766610293497, 0
5, 6, 14, 300, 200, 200, 0, 0.18048097139706507
5, 6, 15, 300, 200, 1002, 0.05286165264706505, 0
5, 6, 15, 300, 200, 200, 0, 0.12761931875000002
5, 6, 16, 300, 200, 1002, 0.03737883305146748, 0
5, 6, 16, 300, 200, 200, 0, 0.09024048569853253
5, 6, 17, 300, 200, 1002, 0.026430826323532525, 0
5, 6, 17, 300, 200, 200, 0, 0.06380965937500001
5, 6, 18, 300, 200, 1002, 0.01868941652573374, 0
5, 6, 18, 300, 200, 200, 0, 0.045120242849266266
5, 6, 19, 300, 200, 1002, 0.013215413161766262, 0
5, 6, 19, 300, 200, 200, 0, 0.031904829687500004
5, 7, 7, 300, 204, 1002, 0.006833039036911404, 0
5, 7, 7, 300, 204, 204, 0, 0.3416244609630886
5, 7, 8, 300, 204, 1002, 0.006699047309139783, 0
5, 7, 8, 300, 204, 204, 0, 0.33492541365394884
5, 7, 9, 300, 204, 1002, 0.006567683077423059, 0
5, 7, 9, 300, 204, 204, 0, 0.3283577305765258
5, 7, 10, 300, 204, 1002, 0.006438894818165786, 0
5, 7, 10, 300, 204, 204, 0, 0.32191883575836
5, 7, 11, 300, 204, 1002, 0.006312632018119713, 0
5, 7, 11, 300, 204, 204, 0, 0.3156062037402403
5, 7, 12, 300, 204, 1002, 0.006188845154569689, 0
5, 7, 12, 300, 204, 204, 0, 0.3094173585856706
5, 7, 13, 300, 204, 1002, 0.0060674856759114215, 0
5, 7, 13, 300, 204, 204, 0, 0.3033498729097592
5, 7, 14, 300, 204, 1002, 0.005948505982607599, 0
5, 7, 14, 300, 204, 204, 0, 0.2974013669271516
5, 7, 15, 300, 204, 1002, 0.005831859408519047, 0
5, 7, 15, 300, 204, 204, 0, 0.29156950751863253
5, 7, 16, 300, 204, 1002, 0.005717500202600978, 0
5, 7, 16, 300, 204, 204, 0, 0.28585200731603155
5, 7, 17, 300, 204, 1002, 0.005605383510958795, 0
5, 7, 17, 300, 204, 204, 0, 0.28024662380507276
5, 7, 18, 300, 204, 1002, 0.005495465359255269, 0
5, 7, 18, 300, 204, 204, 0, 0.2747511584458175
5, 7, 19, 300, 204, 1002, 0.005387702635463121, 0
5, 7, 19, 300, 204, 204, 0, 0.26936345581035437
5, 7, 7, 300, 209, 1002, 0.00458525259922371, 0
5, 7, 7, 300, 209, 209, 0, 0.1630959974007763
5, 7, 8, 300, 209, 1002, 0.004459868625769969, 0
5, 7, 8, 300, 209, 209, 0, 0.15863612877500632
5, 7, 9, 300, 209, 1002, 0.00433791328366398, 0
5, 7, 9, 300, 209, 209, 0, 0.15429821549134234
5, 7, 10, 300, 209, 1002, 0.004219292816801251, 0
5, 7, 10, 300, 209, 209, 0, 0.1500789226745411
5, 7, 11, 300, 209, 1002, 0.00410391603284288, 0
5, 7, 11, 300, 209, 209, 0, 0.1459750066416982
5, 7, 12, 300, 209, 1002, 0.0039916942331092164, 0
5, 7, 12, 300, 209, 209, 0, 0.141983312408589
5, 7, 13, 300, 209, 1002, 0.0038825411443907387, 0
5, 7, 13, 300, 209, 209, 0, 0.13810077126419826
5, 7, 14, 300, 209, 1002, 0.003776372852623444, 0
5, 7, 14, 300, 209, 209, 0, 0.1343243984115748
5, 7, 15, 300, 209, 1002, 0.003673107738377618, 0
5, 7, 15, 300, 209, 209, 0, 0.1306512906731972
5, 7, 16, 300, 209, 1002, 0.0035726664141113584, 0
5, 7, 16, 300, 209, 209, 0, 0.12707862425908584
5, 7, 17, 300, 209, 1002, 0.0034749716631391064, 0
5, 7, 17, 300, 209, 209, 0, 0.12360365259594673
5, 7, 18, 300, 209, 1002, 0.003379948380269754, 0
5, 7, 18, 300, 209, 209, 0, 0.12022370421567698
5, 7, 19, 300, 209, 1002, 0.003287523514067525, 0
5, 7, 19, 300, 209, 209, 0, 0.11693618070160945
5, 7, 7, 300, 200, 1002, 0.09023622698805661, 0
5, 7, 7, 300, 200, 200, 0, 0.21784952301194338
5, 7, 8, 300, 200, 1002, 0.06380664801194338, 0
5, 7, 8, 300, 200, 200, 0, 0.154042875
5, 7, 9, 300, 200, 1002, 0.045118113494028306, 0
5, 7, 9, 300, 200, 200, 0, 0.10892476150597169
5, 7, 10, 300, 200, 1002, 0.03190332400597169, 0
5, 7, 10, 300, 200, 200, 0, 0.0770214375
5, 7, 11, 300, 200, 1002, 0.022559056747014153, 0
5, 7, 11, 300, 200, 200, 0, 0.054462380752985845
5, 7, 12, 300, 200, 1002, 0.015951662002985846, 0
5, 7, 12, 300, 200, 200, 0, 0.03851071875
5, 7, 13, 300, 200, 1002, 0.011279528373507076, 0
5, 7, 13, 300, 200, 200, 0, 0.027231190376492923
5, 7, 14, 300, 200, 1002, 0.007975831001492923, 0
5, 7, 14, 300, 200, 200, 0, 0.019255359375
5, 7, 15, 300, 200, 1002, 0.005639764186753538, 0
5, 7, 15, 300, 200, 200, 0, 0.013615595188246461
5, 7, 16, 300, 200, 1002, 0.0039879155007464615, 0
5, 7, 16, 300, 200, 200, 0, 0.0096276796875
5, 7, 17, 300, 200, 1002, 0.002819882093376769, 0
5, 7, 17, 300, 200, 200, 0, 0.006807797594123231
5, 7, 18, 300, 200, 1002, 0.0019939577503732308, 0
5, 7, 18, 300, 200, 200, 0, 0.00481383984375
5, 7, 19, 300, 200, 1002, 0.0014099410466883846, 0
5, 7, 19, 300, 200, 200, 0, 0.0034038987970616153
5, 8, 8, 300, 204, 1002, 0.0003777552901202026, 0
5, 8, 8, 300, 204, 204, 0, 0.0188862447098798
5, 8, 9, 300, 204, 1002, 0.00037034773928892525, 0
5, 8, 9, 300, 204, 204, 0, 0.018515896970590875
5, 8, 10, 300, 204, 1002, 0.00036308544601128256, 0
5, 8, 10, 300, 204, 204, 0, 0.018152811524579593
5, 8, 11, 300, 204, 1002, 0.0003559655618752544, 0
5, 8, 11, 300, 204, 204, 0, 0.01779684596270434
5, 8, 12, 300, 204, 1002, 0.0003489852943244359, 0
5, 8, 12, 300, 204, 204, 0, 0.017447860668379903
5, 8, 13, 300, 204, 1002, 0.000342141905562747, 0
5, 8, 13, 300, 204, 204, 0, 0.017105718762817156
5, 8, 14, 300, 204, 1002, 0.00033543271148061757, 0
5, 8, 14, 300, 204, 204, 0, 0.016770286051336538
5, 8, 15, 300, 204, 1002, 0.00032885508060223265, 0
5, 8, 15, 300, 204, 204, 0, 0.016441430970734305
5, 8, 16, 300, 204, 1002, 0.0003224064330534203, 0
5, 8, 16, 300, 204, 204, 0, 0.016119024537680885
5, 8, 17, 300, 204, 1002, 0.0003160842395497458, 0
5, 8, 17, 300, 204, 204, 0, 0.01580294029813114
5, 8, 18, 300, 204, 1002, 0.0003098860204045241, 0
5, 8, 18, 300, 204, 204, 0, 0.015493054277726615
5, 8, 19, 300, 204, 1002, 0.0003038093445562034, 0
5, 8, 19, 300, 204, 204, 0, 0.015189244933170412
5, 8, 8, 300, 200, 1002, 0.03159685181644516, 0
5, 8, 8, 300, 200, 200, 0, 0.07628154818355486
5, 8, 9, 300, 200, 1002, 0.02234234818355485, 0
5, 8, 9, 300, 200, 200, 0, 0.05393920000000001
5, 8, 10, 300, 200, 1002, 0.01579842590822258, 0
5, 8, 10, 300, 200, 200, 0, 0.03814077409177743
5, 8, 11, 300, 200, 1002, 0.011171174091777425, 0
5, 8, 11, 300, 200, 200, 0, 0.026969600000000003
5, 8, 12, 300, 200, 1002, 0.00789921295411129, 0
5, 8, 12, 300, 200, 200, 0, 0.019070387045888714
5, 8, 13, 300, 200, 1002, 0.0055855870458887125, 0
5, 8, 13, 300, 200, 200, 0, 0.013484800000000002
5, 8, 14, 300, 200, 1002, 0.003949606477055645, 0
5, 8, 14, 300, 200, 200, 0, 0.009535193522944357
5, 8, 15, 300, 200, 1002, 0.0027927935229443562, 0
5, 8, 15, 300, 200, 200, 0, 0.006742400000000001
5, 8, 16, 300, 200, 1002, 0.0019748032385278223, 0
5, 8, 16, 300, 200, 200, 0, 0.0047675967614721785
5, 8, 17, 300, 200, 1002, 0.0013963967614721781, 0
5, 8, 17, 300, 200, 200, 0, 0.0033712000000000004
5, 8, 18, 300, 200, 1002, 0.0009874016192639111, 0
5, 8, 18, 300, 200, 200, 0, 0.0023837983807360893
5, 8, 19, 300, 200, 1002, 0.0006981983807360891, 0
5, 8, 19, 300, 200, 200, 0, 0.0016856000000000002
5, 9, 9, 300, 204, 1002, 0.8913663955166626, 0
5, 9, 9, 300, 204, 204, 0, 44.56473360448333
5, 9, 10, 300, 204, 1002, 0.8738872441803949, 0
5, 9, 10, 300, 204, 204, 0, 43.690846360302935
5, 9, 11, 300, 204, 1002, 0.8567508483406101, 0
5, 9, 11, 300, 204, 204, 0, 42.834095511962325
5, 9, 12, 300, 204, 1002, 0.8399504867710661, 0
5, 9, 12, 300, 204, 204, 0, 41.99414502519126
5, 9, 13, 300, 204, 1002, 0.8234795700446966, 0
5, 9, 13, 300, 204, 204, 0, 41.17066545514656
5, 9, 14, 300, 204, 1002, 0.807331637949062, 0
5, 9, 14, 300, 204, 204, 0, 40.3633338171975
5, 9, 15, 300, 204, 1002, 0.7915003569525609, 0
5, 9, 15, 300, 204, 204, 0, 39.57183346024494
5, 9, 16, 300, 204, 1002, 0.7759795177202662, 0
5, 9, 16, 300, 204, 204, 0, 38.79585394252467
5, 9, 17, 300, 204, 1002, 0.7607630326785397, 0
5, 9, 17, 300, 204, 204, 0, 38.03509090984613
5, 9, 18, 300, 204, 1002, 0.745844933627346, 0
5, 9, 18, 300, 204, 204, 0, 37.28924597621879
5, 9, 19, 300, 204, 1002, 0.7312193693994047, 0
5, 9, 19, 300, 204, 204, 0, 36.55802660681938
5, 9, 9, 300, 209, 1002, 0.5330574137938662, 0
5, 9, 9, 300, 209, 209, 0, 18.960685086206134
5, 9, 10, 300, 209, 1002, 0.5184809307814007, 0
5, 9, 10, 300, 209, 209, 0, 18.442204155424733
5, 9, 11, 300, 209, 1002, 0.5043030424634551, 0
5, 9, 11, 300, 209, 209, 0, 17.937901112961278
5, 9, 12, 300, 209, 1002, 0.4905128492471462, 0
5, 9, 12, 300, 209, 209, 0, 17.44738826371413
5, 9, 13, 300, 209, 1002, 0.47709974958953794, 0
5, 9, 13, 300, 209, 209, 0, 16.970288514124594
5, 9, 14, 300, 209, 1002, 0.46405343184742165, 0
5, 9, 14, 300, 209, 209, 0, 16.506235082277172
5, 9, 15, 300, 209, 1002, 0.4513638663500501, 0
5, 9, 15, 300, 209, 209, 0, 16.054871215927122
5, 9, 16, 300, 209, 1002, 0.43902129768850706, 0
5, 9, 16, 300, 209, 209, 0, 15.615849918238615
5, 9, 17, 300, 209, 1002, 0.42701623721609216, 0
5, 9, 17, 300, 209, 209, 0, 15.188833681022523
5, 9, 18, 300, 209, 1002, 0.4153394557536121, 0
5, 9, 18, 300, 209, 209, 0, 14.77349422526891
5, 9, 19, 300, 209, 1002, 0.4039819764942738, 0
5, 9, 19, 300, 209, 209, 0, 14.369512248774637
5, 9, 9, 300, 200, 1002, 18.60325440680773, 0
5, 9, 9, 300, 200, 200, 0, 44.91222909319227
5, 9, 10, 300, 200, 1002, 13.154487343192272, 0
5, 9, 10, 300, 200, 200, 0, 31.75774175
5, 9, 11, 300, 200, 1002, 9.301627203403864, 0
5, 9, 11, 300, 200, 200, 0, 22.456114546596137
5, 9, 12, 300, 200, 1002, 6.577243671596136, 0
5, 9, 12, 300, 200, 200, 0, 15.878870875
5, 9, 13, 300, 200, 1002, 4.650813601701932, 0
5, 9, 13, 300, 200, 200, 0, 11.228057273298068
5, 9, 14, 300, 200, 1002, 3.288621835798068, 0
5, 9, 14, 300, 200, 200, 0, 7.9394354375
5, 9, 15, 300, 200, 1002, 2.325406800850966, 0
5, 9, 15, 300, 200, 200, 0, 5.614028636649034
5, 9, 16, 300, 200, 1002, 1.644310917899034, 0
5, 9, 16, 300, 200, 200, 0, 3.96971771875
5, 9, 17, 300, 200, 1002, 1.162703400425483, 0
5, 9, 17, 300, 200, 200, 0, 2.807014318324517
5, 9, 18, 300, 200, 1002, 0.822155458949517, 0
5, 9, 18, 300, 200, 200, 0, 1.984858859375
5, 9, 19, 300, 200, 1002, 0.5813517002127415, 0
5, 9, 19, 300, 200, 200, 0, 1.4035071591622585
5, 10, 10, 300, 204, 1002, 0.035320119626239155, 0
5, 10, 10, 300, 204, 204, 0, 1.7658638803737612
5, 10, 11, 300, 204, 1002, 0.03462751362351413, 0
5, 10, 11, 300, 204, 204, 0, 1.731236366750247
5, 10, 12, 300, 204, 1002, 0.033948489202054954, 0
5, 10, 12, 300, 204, 204, 0, 1.697287877548192
5, 10, 13, 300, 204, 1002, 0.03328278003533636, 0
5, 10, 13, 300, 204, 204, 0, 1.6640050975128557
5, 10, 14, 300, 204, 1002, 0.03263012501933482, 0
5, 10, 14, 300, 204, 204, 0, 1.631374972493521
5, 10, 15, 300, 204, 1002, 0.031990268170116964, 0
5, 10, 15, 300, 204, 204, 0, 1.599384704323404
5, 10, 16, 300, 204, 1002, 0.03136295852343762, 0
5, 10, 16, 300, 204, 204, 0, 1.5680217457999663
5, 10, 17, 300, 204, 1002, 0.030747950036308813, 0
5, 10, 17, 300, 204, 204, 0, 1.5372737957636575
5, 10, 18, 300, 204, 1002, 0.030145001490494705, 0
5, 10, 18, 300, 204, 204, 0, 1.5071287942731628
5, 10, 19, 300, 204, 1002, 0.02955387639790108, 0
5, 10, 19, 300, 204, 204, 0, 1.4775749178752617
5, 10, 10, 300, 209, 1002, 0.007423771601775653, 0
5, 10, 10, 300, 209, 209, 0, 0.2640612283982244
5, 10, 11, 300, 209, 1002, 0.007220768176925962, 0
5, 10, 11, 300, 209, 209, 0, 0.2568404602212984
5, 10, 12, 300, 209, 1002, 0.007023315891404175, 0
5, 10, 12, 300, 209, 209, 0, 0.24981714432989424
5, 10, 13, 300, 209, 1002, 0.006831262949013622, 0
5, 10, 13, 300, 209, 209, 0, 0.24298588138088062
5, 10, 14, 300, 209, 1002, 0.006644461704432336, 0
5, 10, 14, 300, 209, 209, 0, 0.23634141967644828
5, 10, 15, 300, 209, 1002, 0.006462768549707565, 0
5, 10, 15, 300, 209, 209, 0, 0.22987865112674072
5, 10, 16, 300, 209, 1002, 0.006286043803853614, 0
5, 10, 16, 300, 209, 209, 0, 0.2235926073228871
5, 10, 17, 300, 209, 1002, 0.006114151605468521, 0
5, 10, 17, 300, 209, 209, 0, 0.21747845571741858
5, 10, 18, 300, 209, 1002, 0.005946959808287744, 0
5, 10, 18, 300, 209, 209, 0, 0.21153149590913084
5, 10, 19, 300, 209, 1002, 0.00578433987959312, 0
5, 10, 19, 300, 209, 209, 0, 0.20574715602953772
5, 10, 10, 300, 200, 1002, 2.175047712843834, 0
5, 10, 10, 300, 200, 200, 0, 5.251029687156166
5, 10, 11, 300, 200, 1002, 1.537990987156166, 0
5, 10, 11, 300, 200, 200, 0, 3.7130387
5, 10, 12, 300, 200, 1002, 1.087523856421917, 0
5, 10, 12, 300, 200, 200, 0, 2.625514843578083
5, 10, 13, 300, 200, 1002, 0.768995493578083, 0
5, 10, 13, 300, 200, 200, 0, 1.85651935
5, 10, 14, 300, 200, 1002, 0.5437619282109585, 0
5, 10, 14, 300, 200, 200, 0, 1.3127574217890414
5, 10, 15, 300, 200, 1002, 0.3844977467890415, 0
5, 10, 15, 300, 200, 200, 0, 0.928259675
5, 10, 16, 300, 200, 1002, 0.27188096410547924, 0
5, 10, 16, 300, 200, 200, 0, 0.6563787108945207
5, 10, 17, 300, 200, 1002, 0.19224887339452074, 0
5, 10, 17, 300, 200, 200, 0, 0.4641298375
5, 10, 18, 300, 200, 1002, 0.13594048205273962, 0
5, 10, 18, 300, 200, 200, 0, 0.32818935544726036
5, 10, 19, 300, 200, 1002, 0.09612443669726037, 0
5, 10, 19, 300, 200, 200, 0, 0.23206491875
3, 1, 1, 0, 1002, 2006, 250.11547184614443, 0 
3, 2, 2, 0, 1002, 2006, 79.44604632425151, 0 
3, 3, 3, 0, 1002, 2006, 109.44226345815153, 0 
3, 5, 5, 0, 1002, 2006, 122.96561832882583, 0 
3, 6, 6, 0, 1002, 2006, 38.26517721564864, 0 
3, 7, 7, 0, 1002, 2006, 27.425383519887447, 0 
3, 9, 9, 0, 1002, 2006, 127.88739069682046, 0 
3, 10, 10, 0, 1002, 2006, 34.40611100367598, 0 
3, 4, 4, 0, 1002, 2006, 37.980060426684645, 0 
3, 8, 8, 0, 1002, 2006, 20.383655216545257, 0 
3, 11, 11, 0, 1002, 2006, 22.26456717230185, 0 
3, 12, 12, 0, 1002, 2006, 17.35846332462071, 0 
3, 13, 13, 0, 1002, 2006, 13.853389591922136, 0 
3, 14, 14, 0, 1002, 2006, 11.339815020672509, 0 
3, 15, 15, 0, 1002, 2006, 9.528138203166087, 0 
3, 16, 16, 0, 1002, 2006, 8.213561192346187, 0 
3, 17, 17, 0, 1002, 2006, 7.251251597265457, 0 
3, 18, 18, 0, 1002, 2006, 6.53877952113288, 0 
3, 19, 19, 0, 1002, 2006, 6.003698590170104, 0 
